{"mean_": [0.5370569120601593, 1.0], "scale_": [0.22787550327668524, 1.0]}