{"mean_": [0.630549650215976, 1.0], "scale_": [0.160609724990781, 1.0]}