{"mean_": [0.5480359802449797, 1.0], "scale_": [0.22861710474239805, 1.0]}