{"mean_": [0.5685967456587736, 1.0], "scale_": [0.22128508525820045, 1.0]}