{"mean_": [0.5396307286354323, 1.0], "scale_": [0.2213533626292261, 1.0]}