{"mean_": [0.5345107687744741, 1.0], "scale_": [0.22575705549421554, 1.0]}