{"mean_": [0.5407742404439019, 1.0], "scale_": [0.22505012934055144, 1.0]}