{"mean_": [0.5652678327399153, 1.0], "scale_": [0.20178012057046651, 1.0]}