{"mean_": [0.6254835357010972, 1.0], "scale_": [0.17423412175249434, 1.0]}