{"mean_": [0.6018218365759539, 1.0], "scale_": [0.16913675595118868, 1.0]}