{"mean_": [0.5530751825562791, 1.0], "scale_": [0.22400467919507486, 1.0]}