{"mean_": [0.5763652855002246, 1.0], "scale_": [0.20647387981672005, 1.0]}