{"mean_": [0.5571398519851308, 1.0], "scale_": [0.22095342319126757, 1.0]}