{"mean_": [0.5573984030620025, 1.0], "scale_": [0.21630734742348814, 1.0]}