{"mean_": [0.5284325652667744, 1.0], "scale_": [0.21476744811930007, 1.0]}