{"mean_": [0.5532214095613118, 1.0], "scale_": [0.199732134659286, 1.0]}