{"mean_": [0.5585337981886135, 1.0], "scale_": [0.21745216630641448, 1.0]}