{"mean_": [0.540891040980694, 1.0], "scale_": [0.22612730087286384, 1.0]}