{"mean_": [0.5378779033451296, 1.0], "scale_": [0.22427952186653102, 1.0]}