{"mean_": [0.5674594758948177, 1.0], "scale_": [0.2186490746940607, 1.0]}