{"mean_": [0.5601546340821857, 1.0], "scale_": [0.2205742790965292, 1.0]}