{"mean_": [0.5697838036740444, 1.0], "scale_": [0.21798898738364186, 1.0]}