{"mean_": [0.5436432192100696, 1.0], "scale_": [0.2237688811894185, 1.0]}