{"mean_": [0.6020923235485058, 1.0], "scale_": [0.16344070328688046, 1.0]}