{"mean_": [0.5574637738202849, 1.0], "scale_": [0.2194015869310987, 1.0]}