{"mean_": [0.5363354811018849, 1.0], "scale_": [0.2262924027654166, 1.0]}