{"mean_": [0.5571507864721129, 1.0], "scale_": [0.22044183402876869, 1.0]}