{"mean_": [0.5317321788309717, 1.0], "scale_": [0.2069618599376794, 1.0]}