{"mean_": [0.5540152290255504, 1.0], "scale_": [0.2211918507331443, 1.0]}