{"mean_": [0.5633827998146929, 1.0], "scale_": [0.22012687614662976, 1.0]}