{"mean_": [0.5400873534516228, 1.0], "scale_": [0.21499081758511762, 1.0]}