{"mean_": [0.545348958857131, 1.0], "scale_": [0.22742296677833085, 1.0]}