{"mean_": [0.5347640197376239, 1.0], "scale_": [0.23023007201707407, 1.0]}