{"mean_": [0.5657452438414731, 1.0], "scale_": [0.21941239955901873, 1.0]}