{"mean_": [0.570145269827099, 1.0], "scale_": [0.2208832339622485, 1.0]}