{"mean_": [0.5127354120184474, 1.0], "scale_": [0.2119897825393732, 1.0]}