{"mean_": [0.5388013955967866, 1.0], "scale_": [0.22396482783611424, 1.0]}