{"mean_": [0.544838788934798, 1.0], "scale_": [0.22439227758996141, 1.0]}