{"mean_": [0.5349164186226862, 1.0], "scale_": [0.23064314025617041, 1.0]}