{"mean_": [0.5351347154132936, 1.0], "scale_": [0.2248384768363246, 1.0]}