{"mean_": [0.5330817745637604, 1.0], "scale_": [0.2292095222041721, 1.0]}