{"mean_": [0.5680229630692516, 1.0], "scale_": [0.22004030984835243, 1.0]}