{"mean_": [0.6163329111461098, 1.0], "scale_": [0.1626258348011758, 1.0]}