{"mean_": [0.5882076786840651, 1.0], "scale_": [0.2121637622841315, 1.0]}