{"mean_": [0.5549213276542565, 1.0], "scale_": [0.22295986451317262, 1.0]}