{"mean_": [0.5404329643885716, 1.0], "scale_": [0.22946545960441597, 1.0]}