{"mean_": [0.5508060361444174, 1.0], "scale_": [0.22538811725986402, 1.0]}