{"mean_": [0.5455841402668713, 1.0], "scale_": [0.21984190924799757, 1.0]}