{"mean_": [0.5761590253405562, 1.0], "scale_": [0.183129545249645, 1.0]}