{"mean_": [0.5580855954033127, 1.0], "scale_": [0.22272152083082908, 1.0]}