{"mean_": [0.556276968284823, 1.0], "scale_": [0.223625261193548, 1.0]}