{"mean_": [0.53700468732279, 1.0], "scale_": [0.23422032847683724, 1.0]}