{"mean_": [0.5593074536469468, 1.0], "scale_": [0.21981122908732886, 1.0]}