{"mean_": [0.5943759727140638, 1.0], "scale_": [0.18307615512279157, 1.0]}