{"mean_": [0.7067547398778086, 1.0], "scale_": [0.16321481204971788, 1.0]}