{"mean_": [0.560440605301611, 1.0], "scale_": [0.22061966223270152, 1.0]}