{"mean_": [0.5389315819204524, 1.0], "scale_": [0.2263833630646285, 1.0]}