{"mean_": [0.5296010349011613, 1.0], "scale_": [0.2298339205463621, 1.0]}