{"mean_": [0.5569786776655015, 1.0], "scale_": [0.21996813151857714, 1.0]}