{"mean_": [0.5395259096185625, 1.0], "scale_": [0.22927152388051006, 1.0]}